"id","onsite_time","removal_time"
1,0,0.117071516346186
2,0.0663196588000457,0.574029253229081
3,0.0703242113223807,0.886735738154079
4,0.0705192492443506,0.29505362219867
5,0.17217310742591,0.318425501614106
6,0.256959963590654,0.598771668336448
7,0.516855175608149,2.73429132457762
8,0.63898474011459,1.15112053415472
9,0.651952914240482,0.911384127366967
10,0.714459872661637,0.898342114419845
